Feature1,Feature2,Label
2.3973713224089863,1.8893885590630524,0
2.518150830480554,3.2184238851264206,0
1.8126773002213312,1.8126904344406556,0
3.263370252405913,2.613947783322327,0
1.6244204912520384,2.4340480348687716,0
1.6292658457500302,1.6274161971437944,0
2.1935698172528273,0.4693758042737617,0
0.6200657339895737,1.5501699766072219,0
1.189735103732461,2.251397866076219,0
1.2735807395830312,0.8701570389317668,0
3.1725190151372433,1.8193789596107715,0
2.054022563750339,0.8602014510292346,0
1.564493820379854,2.0887380717678927,0
1.0792051380621577,2.3005584146765377,0
1.519489048064956,1.7666450001653786,0
1.5186347102164826,3.48182254760715,0
1.9892022202096529,1.1538312568352795,0
2.6580359296825513,1.0233250800231821,0
2.1670908760038046,0.4322639008961795,0
0.9374511608812555,2.157488988695299,0
2.5907732639963283,2.137094624951976,0
1.9074813740894077,1.759117043528569,0
0.8171824077060581,1.424124633284233,0
1.63148898323217,2.8456977809751325,0
2.274894631654769,0.5895678757098128,0
2.259267175515836,1.6919341756669468,0
1.4584623997552328,2.489341031072694,0
2.824799617996761,2.7450240952929588,0
1.3286259814218893,1.7526300993190282,0
2.265010745122851,2.7804361016978874,0
1.616660609723768,1.8514728186689462,0
1.1149320207951774,1.0430347007354634,0
2.6500206579153582,3.0849920228566585,0
1.942391902735733,2.8028263183136195,0
2.2893088200381073,1.4839041963159005,0
2.289116484406731,3.230429253172775,0
1.9713391687120387,3.251714924651205,0
-0.09579608327179567,2.657522003500179,0
2.069637654590537,1.760794119627306,0
2.0734086212284017,0.40994486831928567,0
1.8242624897299904,2.285690057209397,0
3.182315235793213,1.5853838253810821,0
1.3532051176854498,1.5985943651323709,0
2.7323216941616595,2.2630008877277477,0
1.576191836986369,2.410613946490685,0
2.077662039478432,2.7749159924263114,0
1.4383575248981182,1.7378702827217853,0
1.6863134774942738,0.8291880414943051,0
2.236896221651661,2.2088442177439114,0
2.004090765313969,1.8123302932998824,0
0.8677034063596685,1.6634837417877129,0
1.7258283867785844,1.3581781846227048,0
1.8709714306671927,2.3232406854516308,0
3.5089487209684243,2.139662250265471,0
2.2060403125782115,1.9404432673870662,0
0.4649830277607667,1.9787888996406264,0
2.048184167952821,3.9705936899882293,0
1.846111228175102,2.24123787386689,0
1.9722305842358054,1.0650575699043743,0
2.9142582516120163,2.6015464261494192,0
2.6328255576344377,1.2724900361642089,0
3.1222354487488797,0.8785191497661753,0
2.4694856750402163,3.7523645006479827,0
1.2075709398954493,1.5469618163177825,0
2.079721092070113,1.5972194767070407,0
0.7594692551470938,2.054850379844822,0
1.150157029019116,2.378873944508145,0
1.2644606126129574,3.2399475240140316,0
1.3733973661310102,1.7423507870354595,0
2.650813773895736,1.0153085468528358,0
2.1819679476833036,3.0457142034259426,0
0.7140134123510178,2.1477070868258434,0
2.2079062353987386,2.625458297421848,0
1.0104394312975344,0.943634709532579,0
2.4175532524935184,2.237587738586549,0
2.200394280276701,2.2771585675975805,0
1.4559802227372072,2.1858029577288027,0
2.234457978638945,1.4285188655789058,0
3.4926196089158053,2.37906633672943,0
1.046957202237881,2.5252428869070638,0
1.2202546638181428,2.629667682993962,0
2.9268764632059234,1.3434541453186317,0
2.7707009033954577,2.330224741549199,0
2.657648127995592,3.517434386123158,0
1.8036895071977037,1.3970110685140082,0
1.2883884562995813,1.3473517720276493,0
1.9383186324687167,2.272921579853315,0
2.221352639464015,2.661746599228819,0
2.0104015135023254,3.1628272617258535,0
1.788274533409635,4.176135333271695,0
2.5005338782120052,1.314273954866974,0
1.1432860015511102,2.3859779321945482,0
1.8212297717393193,2.5712003952736735,0
2.378590099658836,1.941736869874502,0
1.322565025545276,0.7881222202513083,0
1.642788038346383,2.685119035458778,0
2.171274995304163,1.0034089770304095,0
2.1385447406809455,2.3082539037830694,0
1.2929140510390935,2.1229800847564224,0
2.0465669747568,1.0856237617355013,0
2.2862298882786267,2.4486276210945874,0
2.8664409945402216,2.8430416416279223,0
0.8978645056343271,1.2497399680679018,0
2.412028213766928,2.411028760729767,0
2.4120381490448386,5.082185192523777,0
2.4567124085545338,2.9084525121444793,0
2.763201410794562,2.5211130010446383,0
1.7477846042877234,2.607175376394614,0
1.3817398283699425,1.810545114607993,0
1.6117091617367172,2.065499311509058,0
3.851726853338807,0.5061878459266014,0
2.549008152299611,0.7098273030482787,0
1.6224545073684533,2.871160477573893,0
2.0514240152763703,1.137804177656555,0
1.4277570325920252,2.543678199147741,0
1.4157066946262906,2.17316687166558,0
2.036457471923051,1.4787197219153463,0
3.7151552714602607,2.507135217854409,0
0.3798859306739142,2.149163451815542,0
1.4705708281852896,2.6819466678369794,0
1.3659834092538394,1.908210846826481,0
2.4039898231843657,2.692604155336097,0
1.0397628743553788,1.7323990113272414,0
1.620043751071235,1.4773366139410304,0
3.4123633922248775,2.3239853687687644,0
0.9912928365319638,2.734289557643821,0
3.6977249576101068,2.8259722084409176,0
0.7845040272367891,1.6126127417069989,0
3.013528919349298,1.4338644275049752,0
2.3550555425169826,2.6197072427434693,0
1.2584556227375336,1.95237971515056,0
-0.5930138720552582,1.180489886932568,0
1.7979454788854716,1.0017734544281205,0
3.3059290431453086,0.8558868976314937,0
1.647964410642413,2.104592461828873,0
3.1530186312528925,0.8513102790564484,0
2.930531001723968,2.0081864488156698,0
1.2147930791616393,2.3696827794106166,0
2.159247756458776,1.5198264982729643,0
2.055841667992015,1.6917491225105918,0
2.0908138762009982,2.529704539616837,0
3.268813452916282,1.0097476009385207,0
3.7064266997250135,0.43832976038199845,0
1.8785719239715333,2.470653765187661,0
2.224793494188026,1.501840384143525,0
1.8335021997141798,1.6055992522729337,0
1.5285081944446308,2.67968167761682,0
2.285612388772038,1.4456723237914766,0
2.7196799003466006,2.2458396167012875,0
2.650289695071168,2.50370307353889,0
1.3368039912623422,1.5518551678424244,0
2.5978348840986096,2.488296212346772,0
1.9832787248286814,2.0938619066470254,0
3.02213191663074,1.5267428889313361,0
2.4376779049360304,1.8382458780528848,0
1.8258550374182239,2.879021481589752,0
2.660333079190424,2.650807708800511,0
3.044383045723463,2.0168030733062072,0
2.545562377035971,1.7517865947252351,0
2.2593330819907536,1.8958855565058523,0
2.0775967719941746,2.476125620349531,0
1.345423453413222,3.673909820548368,0
1.1951860948002384,1.0286491097698143,0
2.9264886988000542,2.6333301551703485,0
2.499295853641724,2.502676407411424,0
1.9902025817224682,1.2821965028113347,0
2.060643646554981,1.4582706307903106,0
2.780095786734201,1.882354094798289,0
1.3396022425659906,1.7428913266776052,0
2.3303451634204997,1.5490203577568202,0
1.3422236835468548,2.19494976919353,0
2.1959732568869783,1.5944454597030961,0
1.6231693555053417,2.185639949886109,0
0.8415325268021407,0.8740289804987558,0
1.425244622998051,1.8292422786305222,0
2.248726052478404,3.1802849735596417,0
2.6861276985616156,1.8720491760292584,0
1.984787033677849,1.1979765082897529,0
1.9851894912060881,1.7690730888638893,0
2.2581748482704715,1.3382152451581417,0
2.415477211392938,3.2261911304020625,0
1.912991881234514,2.321369377679153,0
2.55211519336889,1.6790236224913309,0
2.1792739854483334,2.010073920625436,0
2.0781408788390654,1.3815921729156266,0
2.019608139407154,2.3983986329963596,0
3.1609148862360334,2.7674166608681654,0
3.7225459660092453,1.3861219496895605,0
2.6978565093765425,2.1466736045906814,0
3.751842346574138,1.3533613717158788,0
1.328222526255379,1.5204858836447823,0
0.30088342055215445,1.5793959826553912,0
1.3926938707570415,2.1203150291809663,0
2.2734047806217275,3.500936671372709,0
2.76033907054884,1.5384770754700776,0
1.2812682629213135,2.3935353372052046,0
0.9438134343834863,3.465167012683483,0
2.9435520965770294,1.6246594783162362,0
0.629492376727298,3.0830978993323304,0
1.9083681237979058,2.9902530495787696,0
0.7244578729645061,1.5204999816369817,0
2.0041949597745465,2.0375844750117937,0
1.639947622816605,2.498279945877999,0
1.1459036564939244,1.8860964119829653,0
2.096236505369519,2.4115510672469993,0
2.569291902471112,1.1002863265297047,0
0.7727086634115021,3.0221414575188073,0
2.265851209583673,1.4012107707547572,0
3.2409215804180187,2.092539707434287,0
2.9434377472510613,2.054014785128087,0
3.6485983399055897,3.404272673954564,0
1.8008286812167411,2.7772567607634846,0
2.516300759668118,3.094905246025879,0
1.2280612315359165,2.5488411679987513,0
2.8467395894796703,0.5930084108615086,0
1.0533931898673798,0.36861425779191936,0
1.7844745324443538,2.5740338046367697,0
3.2018856416768227,2.05927582433582,0
3.3028924364570336,0.8959188334280868,0
0.6372940485158762,1.955561840882705,0
2.307252359151446,1.9738442015247255,0
0.34604631996809854,1.9287039683897693,0
0.9564243995961175,2.535738039064031,0
2.2932785968774785,1.2480961709381158,0
1.5889064661306451,1.1526291824888388,0
1.9498567221814624,2.7641138564009906,0
1.211419162931565,2.4032372124142753,0
1.5757939053020473,1.3657017341901247,0
1.9143757120363538,1.1718061420645007,0
1.5570805557222545,1.0416976859289213,0
3.5717801063331116,2.028210841577383,0
1.4402195936059314,2.1711839285873777,0
1.910137560247336,1.8232243203734215,0
2.4913333600347403,2.606006168037844,0
1.575599081911578,1.539345407484256,0
1.7799586422786848,0.158463068211532,0
0.7878471502411581,3.0934994139556196,0
3.3159741708010273,1.8007711683548973,0
2.4612455704446132,2.2490001236348287,0
4.46310464676419,2.8956599291476612,0
1.8976659268153868,1.2355676475196593,0
0.7148429437939419,2.1627709086937785,0
1.3949194037725574,0.8621970323218606,0
1.4827416926059787,1.1347615971084841,0
3.349713308058052,2.7053118055595604,0
1.9936218869467062,3.1839553111120207,0
2.0618946461180947,1.310972638937389,0
3.218499261815726,2.431128034947727,0
1.1702030765388347,1.8477290575331136,0
1.2995053972921942,0.8937602152285311,0
2.740942038025313,3.5275333123761046,0
0.8811459409446869,2.4503753893524567,0
1.4794859447025384,1.6102996929882432,0
1.5260848606089046,1.3088073842561472,0
2.0388173023558616,1.3352399068711698,0
2.216365460623871,1.9598095124406905,0
1.8088415625068721,1.2739490703667218,0
1.5385829355453338,2.604312980660605,0
2.4007337500995045,1.2179558041611591,0
2.079465844343381,2.601109698697431,0
0.6644757751029025,2.434688153903948,0
1.4699009928433227,2.4564789348745277,0
1.3893926747659866,0.5560943194683847,0
0.6979660496934699,2.0384679573291056,0
2.2077780013771857,1.276546699916473,0
2.510873967021899,0.6707839501848321,0
1.9471361610821467,1.0311870401900345,0
1.4785311137582726,2.0379189370531314,0
1.311669307772838,1.6923555646161397,0
2.8050342473715526,1.538486504381481,0
2.6685536896521134,1.0962345162739053,0
2.4238433423322263,3.1532548965263203,0
0.022684399898168506,1.3624837956236187,0
2.461657701744432,1.837563691165606,0
2.2969166986970473,1.5168118506273436,0
2.06927182997832,1.8754582116863365,0
2.934225649327846,2.2035366746409704,0
2.2700821296601617,1.670498427102026,0
1.6099150207420052,1.6539534497443031,0
2.3155617139026377,1.6632124153437897,0
2.2318198855171305,3.6603206389163514,0
2.696899762745354,1.739181174265727,0
2.960971137731156,1.6735397015827589,0
0.3695003718577168,1.1935309512660766,0
0.5033664631793153,1.718789212766953,0
2.014734703351641,3.3411498498202263,0
2.26154189901133,1.8247195769529085,0
2.6635244649467915,0.23109175279369176,0
2.188491646486853,2.6166921551095736,0
0.8171310033761268,2.9150032345655434,0
2.2707971259955313,1.6677696688793588,0
2.506225492885028,3.816554286243517,0
2.1454930040467963,2.198576469040269,0
1.6325112803678046,1.3201245044281666,0
2.6642686532353963,1.3151329392729063,0
2.057252989775514,1.6178740425879066,0
2.3831838605971134,2.2669296842295585,0
2.8300319554063194,1.5919868809162023,0
1.784100051765303,1.216989027374154,0
1.6445653919391108,2.3018403944358816,0
2.6055908933162817,1.2622677406578995,0
2.6956847360845284,3.084510287043961,0
2.3307479225789605,3.501436650046453,0
1.3809686407171415,1.0042762373508665,0
0.5770238008765771,3.1968354491913464,0
2.5234925250832463,1.9555322632716359,0
2.2239749010558563,1.0996087621612989,0
3.956601583693461,2.103376945580182,0
2.0875158356839143,2.5806132991189537,0
2.3848073853893705,2.179107219423305,0
1.3676204356437505,2.3771746857087965,0
3.505619597180027,3.0763360369239825,0
3.2745493013115174,1.591027458855052,0
1.2083161437931351,1.8993704639202815,0
2.0445799298309555,2.8753532147767586,0
0.6460282962281445,3.2236402555684913,0
1.8735936811368084,1.6584951440420639,0
1.1903164997918658,0.6761146625073844,0
2.6585364671695317,2.058654373750723,0
0.9680312802071569,0.9639369823491071,0
1.7313722405678975,3.3352172202315145,0
1.7923269189091162,0.797485637505515,0
1.8034055487312446,1.7818211442018637,0
-0.15750931435325732,1.9565641067857502,0
1.8152523758330577,2.556965091850735,0
3.4791648759562763,2.901252023638206,0
1.7848890475561356,1.1147792730066637,0
4.0586878425998885,2.0473747472115904,0
2.011143433530357,1.9806999303119974,0
2.158467808614284,1.884511670460846,0
1.541070394495811,1.5625128470076863,0
1.9737973838272014,1.565260183092988,0
1.4297233738582684,2.0851441821535173,0
1.7960182260633157,3.203194390866151,0
-0.12077584671440977,2.8732054815379695,0
2.9968681539981032,0.3412878140734803,0
1.725849924735721,1.7028473072033667,0
0.873990644225743,1.3777466499272997,0
1.111539323627337,3.401816354738898,0
2.748542714517969,3.017244075995327,0
2.577337651234588,1.0967585830262165,0
1.580383786976181,2.3914996489823346,0
1.0222977528864436,2.5703987441379104,0
1.807739681473492,1.700143353960322,0
2.5687679745627934,2.3554106491888316,0
1.711227067344736,2.9274638426913984,0
1.135149337920082,2.492748485555411,0
2.474481006374707,1.7523628485488079,0
2.260906417793694,0.9991091388917577,0
2.739221615365521,1.8520782908456088,0
1.5818215835847684,2.8392073806695115,0
1.4365250475657927,0.8732309629091521,0
0.754696661180877,2.4848079610765117,0
0.9756565180029735,3.403835345587492,0
0.3344564736930222,3.3571650946320304,0
2.1688139737620946,1.9226295105036861,0
1.5640647305528401,2.319308891481657,0
1.9698922380601214,2.882641505613217,0
2.0913821189296318,2.120241409169502,0
1.7091102302289154,1.954443501023146,0
2.2462414151136474,0.6318652858746994,0
0.9214516623154296,2.5946112752181723,0
2.1366923505023534,1.8528133309178567,0
2.0147471464523146,2.2780653642893367,0
1.5681922557525108,1.3773562196781497,0
2.156676204078145,1.2173017779079744,0
2.3266022045715777,0.6379331166097275,0
2.823324509860515,2.3780779859304344,0
2.2048237874511005,2.786152787156411,0
3.3323795555700615,2.8114960520145043,0
0.5273006149346837,0.9763384266114388,0
1.500145137843457,2.020872840168667,0
2.4141272163752987,1.4194049494772276,0
2.1494134115816625,1.395693654117342,0
1.5107857576064414,0.8746711225214221,0
1.2614134031112765,0.918652315506933,0
1.2193013976181337,2.8429134372862714,0
1.2404808889344454,4.105905651869913,0
2.3946543207047113,2.147868898955899,0
1.313313775855029,2.560247903527193,0
1.5394897390097808,2.097607851716289,0
4.048067630615035,1.9231520802202802,0
2.9194186610285406,1.43745885989929,0
1.9720092076024307,3.416640508508408,0
1.4984263537697862,3.449958846397543,0
2.5662015483643805,1.550026579284586,0
2.505926191244417,2.778043559701384,0
2.497447969773757,0.7438202240876348,0
1.4182902593401052,1.8019850915587963,0
1.940453256719963,2.4965376780405424,0
2.142160800746603,0.9317245130319189,0
2.3041582808047707,2.4884685962270585,0
2.447832358344832,2.8646245804436976,0
2.667137723639123,2.3673440633827494,0
1.9438674308330823,0.6712312531872069,0
2.3436945753060687,2.166150149730489,0
2.217263069756299,0.9786011393437524,0
1.1351547676733902,2.842522282666323,0
1.968355876914676,2.5452005578980996,0
2.022654700904369,2.023804911596596,0
2.7506270447807983,1.587164217426101,0
2.0768966215527866,1.630179769035966,0
1.6524030180541476,1.7526623012250884,0
2.1777070173069704,1.6170011026692181,0
3.0046049004588165,1.2843141582243969,0
1.8505026846709127,1.6482151533806602,0
3.1575823074829863,2.15724382120926,0
2.825475631574908,0.8115517015704223,0
2.213640212695407,2.71170463649875,0
2.065827191420339,2.852384300052281,0
1.5861692399197023,3.127477952148464,0
3.8391184988954006,1.7097291516482727,0
1.6435979828793825,3.1627075816941606,0
3.2636577165845697,1.5817119782773854,0
1.6638505463233142,1.7745723129115942,0
0.9244395911725782,1.2650784428126414,0
1.1966873865983456,1.3857619479166972,0
1.9722520900905751,2.1873717860292166,0
3.2404003942512616,1.2013167674089673,0
2.787457918781267,1.8288089246195929,0
1.9604290322780535,2.539855593733283,0
1.1018223827501612,2.3059277969472403,0
2.1331617665704448,2.3939610112065193,0
2.2313349151262543,3.9642401119287154,0
1.4898080125989472,1.575202435998546,0
1.5014875788601885,1.5556183046717962,0
1.4900902981547857,2.9512132248860414,0
3.136403398391884,1.543402965000419,0
1.334115541516617,2.3771324451091234,0
1.558221564575223,2.506345454204409,0
2.16233841668104,0.7874047080022144,0
3.2380041610640493,3.4367021384764174,0
1.509769047612491,1.6898387520512126,0
2.228692312579924,2.26756543198962,0
2.5268354181382646,3.60816363101308,0
1.8584422180047604,1.3613622043692368,0
0.8965446175883782,1.4152559680464647,0
1.9734984217009623,3.4356462908142302,0
1.5859109607710629,2.179030361311119,0
1.9868616831417985,2.950714618758467,0
4.021545940698898,1.5753049816637434,0
1.6084484459854222,2.8353287016552575,0
2.5455131917010494,3.4773658605888267,0
2.467142548260771,1.7125663273703524,0
2.4725238645538474,2.886962864466326,0
2.656385744957891,2.405819224885838,0
2.853339751671323,2.935436472356538,0
3.105727192830022,2.518967910071714,0
1.8663055357465166,2.1173709491466584,0
2.9652071732066854,1.3464514632102111,0
2.294938647098321,1.6853289501381115,0
2.022995858347854,3.022761490085839,0
2.1528792544159225,2.0371492385249192,0
0.9121150872160646,2.5970028528217766,0
2.5163873449128604,3.730603778644368,0
1.7537774120375993,2.175320262131151,0
2.1995069469686044,3.2619626238107795,0
1.9237635740904384,2.2232172206162715,0
2.486317207773231,2.1492872985250866,0
1.6428531083595774,2.155271994318646,0
2.8589053998878176,1.1787877604711516,0
2.106375739317501,1.4399033480486614,0
2.956037303139874,0.7814504761729801,0
1.5528625221827292,2.3017695000516167,0
3.2524192233874727,1.9473997911416097,0
1.5558403786454413,3.504925655552472,0
0.8415888796670048,0.24095523470393432,0
2.352011560042666,1.5983566205179112,0
1.1830137462954293,2.5666851578394825,0
2.195040571016959,1.5487370954106172,0
0.9757564810632844,2.6979658626241156,0
2.5201609423669287,1.9206593089764936,0
3.4773095968381327,1.143932186939078,0
0.7795798632602089,1.4464735440950043,0
1.9635311869156018,2.1946715594581536,0
1.807011153714936,2.2816443172114376,0
0.9987684606476448,3.155011683258608,0
1.934279057285945,2.893836665270502,0
2.2741802771021633,2.365402575323027,0
2.455813824185763,2.358166848013852,0
2.514178207894035,3.063322024105945,0
2.157216935761176,2.5672030060708098,0
1.9282114445702185,3.1520937723595783,0
1.458886158352584,3.4407523463286527,0
1.9678736394845253,0.8553799183055615,0
2.1024835319286312,1.4551586740200952,0
2.6725148391909794,1.4779008165580874,0
1.6430532534281763,0.4883674152435751,0
1.6381549446007386,0.060896538696834535,0
0.7328777412114214,2.608331724915438,0
2.628640126920666,2.340366049427972,0
1.2264190854966297,1.9618309150864162,0
1.9971179687275453,1.0733082486459657,0
3.2027186414137203,2.7018898324605374,0
1.823228660936269,2.0215086711956247,0
2.166706246358042,0.3666121052605673,0
1.8022580939835224,1.4544126016017611,0
1.1987039920840674,1.775119765691236,0
3.438149221479618,2.512674289013608,0
1.5430568081737626,2.458066225084927,0
7.119484349268802,6.739706946330215,1
6.047704295936139,5.482450577835541,1
6.558578650890872,6.3147883083374,1
6.716154576022186,6.508137441345576,1
6.839642172255468,5.571811830751546,1
7.05391525250746,6.15807968375392,1
7.660208698100212,5.448649745528345,1
7.388771042532199,6.1583286267701185,1
5.478865597108442,5.612891332756543,1
5.743722153444544,6.339332757121533,1
6.4182683904284,5.541039996849137,1
5.980516326191213,7.713816286889491,1
7.382034536080569,6.349058935739226,1
6.03040278253456,6.096025061374609,1
6.490814378184333,5.181765947841275,1
5.794098770061324,4.665132740897929,1
6.319378498084223,6.517756751762192,1
5.613450830160501,7.259189410632026,1
5.019387469598127,4.828500095832144,1
6.179561454847978,6.837678642089724,1
7.3471421531662955,5.632892589704848,1
6.862944666745037,5.969193224399434,1
5.861898160047344,6.706927949989338,1
6.5218583027307355,4.7388862744126,1
7.181232279780716,7.104073083317961,1
5.499549838792376,6.316642826749927,1
6.395224149026191,6.208539012659125,1
5.5597558769236635,5.462701305649559,1
5.979556743206844,6.938183215407491,1
6.434880123675546,5.703508534331116,1
6.617358968518676,3.7211659034959395,1
6.919012560297682,4.60822897697752,1
5.710047246877494,5.104264084299085,1
4.964254819423275,6.9286614299028155,1
5.625839038950486,6.277203105384572,1
5.962463536896653,6.3816326617784975,1
6.061457512848205,4.9736062206491445,1
6.797013455557712,5.60499473347095,1
4.754734481072199,5.65750787122727,1
7.2006078325074485,6.680177393690794,1
5.721078292473712,5.720593836545257,1
5.742691959026094,7.661398386848672,1
6.305548361785243,6.344033317752856,1
6.824226763225473,6.191031327221211,1
5.792766283343438,5.842920120732018,1
5.942718992468749,5.970222210792127,1
6.582103634909584,6.04155670864584,1
6.5861120617724636,5.9354267359131345,1
6.062908152252873,4.401439452374314,1
6.733062139761985,6.277190780718394,1
6.798408087887722,3.6829956974450484,1
7.670699763824582,5.888328297475861,1
6.886546253390013,5.1680752582995755,1
6.490219124050055,5.157267549461075,1
5.500984831443356,7.531225083093429,1
5.847454079389323,6.173946298543778,1
6.696054184551003,6.3965455103780835,1
6.120335124114861,6.29196880197298,1
7.92273246819062,5.953904962373132,1
6.160879237371974,6.84052351680609,1
6.884420746366387,6.949624244448304,1
6.510984177623348,5.0855960698156135,1
7.306745225840877,5.082923685585049,1
6.242108372191226,5.396579319984514,1
5.948689322725606,6.263009928242784,1
6.2570857723602185,6.337536603388227,1
7.290969015246918,6.362827441211184,1
5.804674691767481,6.771269734630685,1
6.951576391139713,5.017913747890406,1
6.477920055879887,6.560938193848719,1
5.761949197312006,7.100565450649295,1
5.879955530373978,6.100461162777234,1
5.861542540572905,6.012463238065174,1
5.122979930483838,4.847959293924564,1
7.275604050579978,5.322430921345338,1
5.206886120434954,4.277287909117028,1
5.488830601848398,4.9415281652740015,1
7.313612128109096,6.807853671474107,1
5.449479723857821,7.801948644275447,1
6.785412389593276,5.740134893193102,1
4.000475428101142,7.832754058072593,1
4.8883420265891235,4.683681002434486,1
6.818056345607713,7.951801925071418,1
7.107418254808414,6.4511272960418875,1
6.4758034733322285,6.682732447024247,1
6.607142871829412,6.224953139175501,1
6.083360883161501,5.949925497680382,1
5.396828328906659,5.775459938506581,1
4.645634548643692,5.9213282985642,1
5.209127114279266,5.1171285462273834,1
6.143915320922782,7.113601829075679,1
6.73465328480185,4.743599517101458,1
5.20829749074373,6.752616950390573,1
5.2140100851693525,5.8202934800023804,1
6.440041679219641,5.225324436109092,1
6.0843004049167675,4.932779604065436,1
5.518905884839029,6.255825547314029,1
4.725605013174665,6.352379790368319,1
5.984289760858655,6.441991963533718,1
6.179131307251729,7.091312343979076,1
6.100179602118326,5.656475567099798,1
6.097838002425827,6.43463842322911,1
6.039088056260564,6.032473352963106,1
5.4384066497545955,5.4696792659592415,1
4.877915782560245,7.399661394549551,1
5.004909411686972,5.445675841763274,1
5.425274187544642,6.715939501555553,1
5.764040257366378,6.998193658138987,1
5.461207500604905,6.223195329779042,1
5.331722357392194,7.7161193022187105,1
5.04992126477639,6.247856568181622,1
6.507021504745679,6.331039277961199,1
5.851769872897833,5.896143440213259,1
6.0350491775832875,5.882398398697209,1
6.771103293435928,7.768418401273081,1
5.5540065719937335,4.904157616336738,1
5.929374361318996,8.063767470123455,1
5.357060345624215,7.311293444355254,1
7.342160651261152,5.557129406633605,1
6.4551864633482205,7.302717298502831,1
5.69669780721001,5.83713571191811,1
5.534655268841085,5.188194615445706,1
5.480577963947194,5.020847786590195,1
6.027266774607381,5.384021415153087,1
6.1870287294325985,4.755283483037098,1
6.264704185771565,6.66682316928714,1
4.405011485942835,6.299245255878057,1
6.982135193978634,5.032287185047036,1
7.338057909470162,6.335215207492836,1
5.435990515393273,5.955384737873835,1
6.446661530017378,6.060804313129929,1
6.431004793957095,5.263461125536507,1
6.135488659228862,4.869028402476015,1
5.91101915092104,5.276873886828168,1
5.411576045928187,6.98887454016835,1
6.873048096475415,6.487310496725741,1
5.1261497882619365,5.746873240244159,1
6.9704781599833465,6.1133735309119235,1
7.855463631985355,6.314654271515497,1
6.153639293192025,5.752706828637999,1
6.106832723825826,5.8780241308955645,1
6.566486941350872,6.765361853435667,1
5.37120843159364,4.935013637153777,1
4.531035701517363,6.406393061530035,1
5.117306715060901,4.277687525638013,1
6.310862883624772,7.994399613946232,1
5.995143270768085,6.670792619561314,1
6.065463486838052,5.9208882774470855,1
6.735261186390215,5.767780364649079,1
6.213913851257522,6.257358244956811,1
5.465527637085561,6.793633879629218,1
5.860032194643673,5.3954038724057245,1
6.429207874856322,5.28122561456717,1
6.0225449258953025,5.992704802684637,1
6.868716452665263,6.3797585863039625,1
5.979978433003885,6.654213039360229,1
7.112166039213851,6.44624824508149,1
6.008282095874704,4.950531014119872,1
5.147909069539702,5.755820236516266,1
5.512390238272573,5.850422957611643,1
6.045319939917686,6.423754203485385,1
5.943600977552727,6.389201315060961,1
6.0515795318480965,4.419626746916903,1
5.248531684944997,5.884729955422707,1
5.032244205727114,6.479942983996963,1
7.2246006658749575,6.975009481357853,1
5.829245703255833,7.192580909479962,1
6.1189339657616895,5.730331223105568,1
5.509277869167248,5.758024250809497,1
5.689458545167017,6.13633297790039,1
6.128459184839891,6.0024368161227315,1
6.34955053579708,6.952517019829073,1
6.759643308353059,4.8120816252400775,1
3.9568630920784362,6.747455928991419,1
4.906497041267663,5.820187678485853,1
5.063909579152512,4.558415649935984,1
6.43317018256383,6.607324128242118,1
5.538791679418624,3.927166166284072,1
5.5630044413980135,6.313443204322037,1
4.816870744980697,6.146687935823325,1
5.987752120661604,6.463433199680871,1
6.095664294731322,5.221544847294756,1
6.957257201331593,5.873176341578424,1
5.978156368392055,5.253385632741443,1
5.645374199046792,5.292157828778479,1
5.861643152061261,7.369366784113875,1
4.902479085654915,4.709150881698607,1
7.176936261994887,5.832541058278507,1
5.464741809072066,6.831923749916861,1
5.515507568210508,7.460807770837549,1
6.542340697071415,5.609670873483438,1
7.725846570612402,5.515428061597329,1
6.593676297607446,6.239434064325193,1
7.041393031519038,7.249208957381482,1
6.025603319252613,5.397265703723053,1
6.3679777143512935,5.457827704198315,1
7.610709798021299,6.10922826486619,1
5.707742758950313,6.147744244691927,1
4.922298968376243,5.222708769191478,1
6.96033112635554,5.474484576822883,1
5.162471213854448,6.429322202021829,1
6.948563323730397,6.575162648532054,1
6.796838148644653,5.394563929144431,1
4.862551466606525,7.201066921564389,1
5.741856128926291,5.799333586835962,1
7.062555313479247,6.444984007520528,1
6.364710217665286,7.732001875920867,1
5.485185415695885,6.74227210246499,1
6.045610499917667,6.214873823090605,1
7.222774741130025,6.406268605031699,1
6.430636863239706,6.858005869847842,1
5.7080378163656915,5.328632266128794,1
5.164152644783173,4.426914728499199,1
7.644965703952257,5.117433307422654,1
5.822997101131382,5.7785493600888636,1
6.2459253582472805,6.652589770031438,1
6.688378790687796,5.533538049144849,1
5.866302628970871,6.22606396039064,1
5.801047099053163,7.285876460815994,1
6.392779961310601,6.587902228839854,1
6.53030501493393,6.93877908598826,1
6.144817246962965,4.962534441635323,1
6.3197503614021135,5.478914484966537,1
5.577106654600194,6.469091215004075,1
6.990626457146909,6.017017261388849,1
6.247066410079171,7.361771955708191,1
6.192602543590855,8.081346491344316,1
6.452407716505236,4.591389792675345,1
6.602673296883626,6.304926707906223,1
7.031802203266197,6.538545081015966,1
5.889235212812981,5.020561410968507,1
5.83278139417118,5.31958363663256,1
5.535581240156222,6.470862723536488,1
7.335923603481125,6.315737223858385,1
5.043293550371852,6.355682134576113,1
6.957305189316521,5.512173676544494,1
5.892786266661666,6.011750555783357,1
5.3720813495342075,6.518624347075087,1
5.903241481113775,6.335625955125622,1
5.29000625775832,5.650033359741272,1
6.577905086262217,5.701733478326586,1
7.381571080986724,5.680291051508318,1
6.179747780601509,6.746072665498472,1
4.865307413653575,4.591352950415379,1
4.779474948343924,7.010067282741746,1
5.558513483286043,8.046559428534602,1
5.54860192107409,6.1476410425576296,1
7.233687962054301,7.604874310527299,1
7.649202861309118,6.9666929844745145,1
6.81925002064917,6.4740215593609465,1
6.6226888609333106,5.559051426937173,1
5.345440893262154,5.997300434071239,1
5.8638523019800575,5.6374175605381796,1
6.557109957965372,6.764244166856408,1
6.070725509033478,7.182024064844209,1
5.086648708693196,5.8450724325762256,1
5.426542143517756,4.506770706341552,1
5.933855451325841,5.9026019932933735,1
7.210759794593705,6.504649347643822,1
5.180650540536636,7.483274053067351,1
6.9768269564202825,6.465678162774893,1
5.818812720920135,5.2324486106212165,1
5.702234579143157,6.870998895763349,1
7.507669044747687,7.234594822617751,1
5.608920462570981,5.104306053368791,1
6.112708997528963,4.585248507549719,1
6.258534171347825,5.881917930961065,1
5.627170798505406,4.724237546186563,1
6.410880085255773,5.573839328270471,1
5.064066531431769,3.7021902293746805,1
5.977988075959491,7.417801277335795,1
7.329007371638296,5.634322994730983,1
5.518230351710575,6.375019404860019,1
5.2012916486493666,6.241433519855573,1
6.612864222707753,6.981546579107446,1
5.919876738816038,5.837060999858427,1
5.297613930594752,5.3384957167681115,1
5.818816886478778,6.293892405452943,1
6.730867700986599,5.357456839455724,1
7.194150855167617,5.783101119165945,1
5.982906164521251,5.402230656681741,1
4.0606077917816465,6.70723631708884,1
6.589475117673946,5.774937954305429,1
6.0535925737798975,6.41275137416328,1
4.749963314490766,5.576757858122964,1
6.635411743697462,4.996568461464601,1
6.234846345733303,4.914734556301276,1
6.373143985946821,5.971486814162013,1
4.707894547275592,6.931791483565737,1
5.4123267385615605,5.351798050388496,1
6.1604553577847545,6.918909879542972,1
5.187342544817282,6.049343879878378,1
6.343053200264459,6.554484485810515,1
6.14115324422178,5.706377728733342,1
5.337927823481024,6.0689151064371,1
5.142288790411515,3.662919613204314,1
6.349247843326134,6.723147872868957,1
4.10965405156653,5.19221543623205,1
6.4953234088041585,7.645996375769359,1
6.016634966140327,5.417597647016692,1
5.8536828471161275,7.099901135318548,1
5.483228656700372,5.360646394679797,1
5.613805182254374,5.23733711339303,1
6.098136252795836,7.2997427667756485,1
6.258463418492823,5.79811719829897,1
5.766550984867565,4.749447353042674,1
6.706487821717728,5.937730242389758,1
5.8556160691275,8.55448605427589,1
6.239002326692549,5.398567159923853,1
5.658913923035565,6.918756567357404,1
6.090616328430212,4.849377617346106,1
6.735383147660163,5.465484731568805,1
7.498638220974037,6.864038452571719,1
5.642142483472999,7.024813089388091,1
6.054284408421923,6.682218940097775,1
6.38778625383558,5.322914676007301,1
5.485160134146031,6.823968654064929,1
5.732179734314768,5.677081229406403,1
5.235901936520517,6.338879252474769,1
7.650019935394516,5.145973668596581,1
6.019375565338207,7.129776444332343,1
5.936286887003428,6.361897436999787,1
5.150085177482496,6.342645677766119,1
5.850284587996361,6.78858399654389,1
6.949908841251801,8.071650913614892,1
6.463706538570861,6.260637053265733,1
6.155507441261869,5.717466965751449,1
6.270787074769353,5.763678871888777,1
6.1347687810156915,7.054078028486368,1
5.194765947776287,6.911902848903236,1
7.053692053871893,5.905545178407137,1
4.302516080793124,5.513742410324454,1
7.037595637248888,5.9817055501608944,1
5.200558214164071,5.596180063017426,1
6.672496021203642,6.437386854561104,1
5.808854320664245,5.70654047054825,1
5.686593480764943,5.262071852401198,1
7.292300551575553,5.742143624630928,1
6.973726816660397,7.217052841537961,1
6.798648718518368,5.654703749825561,1
6.322984072269287,5.980643514887267,1
5.277038511415897,6.259487425377283,1
5.056768167072158,6.9501435107692515,1
5.6283061621612855,6.160927724698271,1
6.226630297236913,5.792876021036738,1
6.469355041180219,5.620077074701981,1
6.697037837965795,4.923216255802601,1
6.101103663637129,7.551143199246628,1
5.19973494031554,5.457804023580119,1
6.411126279727132,6.143665425551679,1
6.280504079418847,6.391349704118131,1
6.507777174849416,6.8877598735649785,1
6.32785492554281,5.806993876305166,1
6.538058960962185,7.5199055479161725,1
5.893893002893941,5.220376556263487,1
6.885664535429578,5.903695068837122,1
4.261864363188771,6.677937341720337,1
5.571737451236862,5.927573374156672,1
6.265584264455212,6.152399743823253,1
6.567561453711232,5.6516109035441255,1
6.410484638540866,5.792362657932866,1
6.591048384710002,6.492293987210442,1
5.251649038364324,6.868785692940026,1
5.571229243908761,6.646446238624916,1
6.293829850721073,7.470546941436098,1
5.821227214102518,5.720546563105442,1
5.984464315289814,5.75745617373258,1
6.63995352155364,4.706951513250729,1
5.157054064682916,5.145757662736646,1
6.760246073578861,7.36849069806554,1
5.916440625170023,5.864942621447992,1
6.056041730490545,6.929502642086552,1
5.258117492647541,6.190695186187828,1
6.7801581038259435,6.400875335951876,1
6.151665293278994,6.800836874053713,1
3.83741416560061,6.542300255624726,1
5.476739453498061,4.535493682514835,1
6.408962079619984,7.098926836130366,1
5.890041188297847,6.762299637762351,1
7.289822606390916,7.051931562867238,1
7.311971623497114,6.593701992857514,1
6.060346911121274,4.718427350482266,1
5.803150009496041,5.325402723747047,1
7.736754173998251,5.85929135005413,1
6.098563845427589,6.4411883008323745,1
6.034881957097963,7.356040832344602,1
5.501880510612438,6.155685964189794,1
5.406023531441561,4.943981991023435,1
5.510584727275772,5.97037056236127,1
5.656558220386192,5.4460632161009155,1
4.874946029062533,5.933515541897044,1
4.796223700775198,6.6080447709516825,1
6.065951802347603,4.833958800428055,1
5.752632738360109,5.398274875527534,1
6.255339608335344,7.072360356818516,1
4.499862024283404,6.092020863317933,1
5.871893763546687,6.537072061160373,1
6.170557302590152,5.398424534608945,1
5.744756851466706,5.363179314557208,1
6.8608057108788785,6.017049318937554,1
7.520952548602406,5.951471348948304,1
5.433274586471629,4.789028485909738,1
4.557488258995244,4.732691245595608,1
6.213701320809187,6.406980018583947,1
4.735047438374293,6.716030651260892,1
5.613551158653248,6.11743440958844,1
7.289776502604339,6.7174714526924255,1
5.785175481675334,5.28704621966777,1
4.278547678936556,5.424677344606064,1
5.831095808937844,5.210256378279053,1
5.894994426326156,6.061481506367015,1
5.820115214553537,5.479997935341232,1
6.1349237375733825,6.353552519655527,1
5.127680738045723,7.128745903797016,1
5.9211294941725905,6.015079698355878,1
6.5665715386052455,6.186572905010801,1
6.762509307130596,6.229699332161459,1
5.51005010028765,6.289202820164881,1
5.08501903414347,6.0868477646212185,1
5.973416007484431,5.833506514181968,1
5.897169990848855,4.494520763601889,1
5.561020073807231,6.074275920912892,1
6.12788511359792,5.177859887259233,1
7.01256627269176,5.3070601214284,1
6.775565760421389,6.341755489497348,1
5.4830181521249575,7.420248714087609,1
5.045090534594816,6.735323338888001,1
6.800465854434383,5.4635038327386845,1
7.113972240051464,5.799962788320838,1
6.230954903423886,6.208257471016976,1
5.892553006823562,6.648646618527826,1
6.634790976441771,4.601174421409455,1
7.043472194302522,4.67000640957146,1
6.826036963473326,6.901364109462067,1
5.127226855827841,5.671348569636332,1
5.115436265211251,5.828063175769012,1
5.753572572651407,6.623728425815472,1
7.048246996895687,7.116547048631965,1
5.550265578737358,5.832622501004378,1
4.653249446223239,5.355303946803049,1
6.771881306477966,7.292466258838585,1
5.012520902496062,5.526028592677685,1
5.978875394432858,6.224128927055686,1
5.352317184062683,6.339248835571272,1
5.6209285223432675,5.988438183297377,1
6.43702739840296,6.00513781584875,1
5.650891287578745,5.912312156859335,1
5.929309632635732,5.703991176094298,1
5.792963149866318,7.278917736403773,1
6.448735558352991,5.763615745576672,1
6.5575635236085885,5.732944408195192,1
6.938499710069313,6.295713753758475,1
5.914158284796617,6.358173540648222,1
4.743299078345201,5.098586024872156,1
5.044859994880755,6.114354475810965,1
7.3860119995880735,7.7850401169541055,1
6.510440881152606,6.400675579955566,1
4.559153812677809,5.565860960212783,1
5.369772998473409,5.503321921399107,1
5.8654849451321684,5.622327537842298,1
4.41656015169937,6.5983282048940275,1
5.141805579408155,6.19139749128892,1
7.659266135799979,5.264492326730862,1
3.975769981802936,5.7711966224959115,1
6.8807677079988565,7.566677963376475,1
5.016360324438066,6.3973593785892175,1
5.627751634575957,5.915241316556691,1
8.115474677613628,4.797623737283877,1
6.202991729195658,6.3741545374123465,1
6.868629059951478,6.078386522776716,1
6.246440431603282,5.6866811460625675,1
6.2153015529960856,5.725446179602072,1
6.497257511884841,5.704311731165093,1
6.301680315121749,5.9765897490520175,1
6.9008402006177345,5.958885021129211,1
4.581574025434495,7.009537200571193,1
5.275414159309905,5.476986929080944,1
5.523470964765206,7.099550474536654,1
4.291460628817044,8.510198826927995,1
6.844845447252841,6.178591131303328,1
5.956084799506971,6.2284432598861255,1
6.4168979427034705,6.516172468760046,1
6.444483572802759,6.071664545004199,1
5.842129263754139,5.878981373077191,1
5.844073375717855,6.907016077493652,1
6.474845377824689,3.6476890922685756,1
6.524720621223809,6.15578895577502,1
5.985032994843282,5.689185237528891,1
6.899290175988811,6.758021169698287,1
5.3816978657411125,6.325641829699628,1
5.222674612366971,4.896305468168856,1
5.498626220328028,6.689914777906207,1
6.762500036300869,6.410468336077835,1
6.580076629478397,6.412942629691967,1
5.486814723821638,6.345538035739152,1
6.640327620182146,6.60343306385086,1
6.951130697179714,6.566643077760851,1
6.281158566033266,6.856120190653142,1
5.978782992600752,5.294500279017826,1
5.869546428844989,5.404077884154841,1
